PREFIX,FIRST,LAST,ID,DRIVERS,SSN,PASSPORT,GENDER,BIRTHDATE,DEATHDATE,MARITAL,RACE,ETHNICITY,SUFFIX,MAIDEN,BIRTHPLACE,ADDRESS,CITY,STATE,ZIP
Mrs.,Norah104,Stamm704,3e9fd20e-b81c-4698-a7c2-0559e10361fa,S99951588,999-46-5746,X43863756X,F,1979/8/24,,M,white,french,,Hagenes547,Hanover Massachusetts US,678 Trantow Overpass,New Bedford,Massachusetts,2740
Mr.,Eloy929,Dickinson688,71917638-8142-42da-87f1-fa0ba642f161,S99995552,999-95-8365,X3761822X,M,1989/10/21,,M,white,english,,,Dover Massachusetts US,431 Armstrong Forge,Upton,Massachusetts,1568
,Galina98,Murray856,ecd13907-7903-4886-a7f5-f6e687c758c4,,999-57-6519,,F,2004/10/11,,,white,irish,,,Barnstable Town Massachusetts US,779 Ledner Road Suite 24,Quincy,Massachusetts,2169
Mrs.,Franchesca574,Kuhic920,a1dfeccd-86e4-473b-a4ab-bd613db0dc2f,S99930729,999-96-3731,X83502942X,F,1981/2/5,,M,white,italian,,Goodwin327,Worcester Massachusetts US,619 Stiedemann Rue Unit 49,Grafton,Massachusetts,1519
Mrs.,Rosanna866,Hudson301,af1ee647-2278-4d36-8637-a1d043813116,S99995087,999-96-3303,X43449132X,F,1971/8/21,,M,white,italian,,Blick895,Quincy Massachusetts US,812 Donnelly Alley Apt 72,Westborough,Massachusetts,1581
,Marguerite497,Kunde533,0321643e-675d-42df-b7b7-a994edf99d60,,999-50-3413,,F,2011/8/23,,,white,italian,,,Brockton Massachusetts US,474 Russel Parade,Shrewsbury,Massachusetts,1545
Mrs.,Francisca486,Gerlach374,7a739bbe-76be-4327-8234-56b5d46dd38a,S99973537,999-40-7959,X25668173X,F,1988/6/15,,M,white,french,,Kulas532,Freetown Massachusetts US,233 Will Run,Ashland,Massachusetts,1721
Mrs.,Delinda651,Leuschke194,1eb30352-5aba-4fee-9bd2-4487efe0237f,S99926742,999-23-2701,X36865919X,F,1977/12/3,,M,white,french_canadian,,Lowe577,Berlin Massachusetts US,727 Mills Common,Middleborough,Massachusetts,2346
Mrs.,Lucile200,Kassulke119,224ee73f-e6ee-497f-908b-937971ed4f5d,S99993353,999-36-2962,X40513715X,F,1983/5/7,,M,asian,chinese,,Denesik803,Hong Kong Hong Kong Special Administrative Region CN,963 Kovacek Manor,Acton,Massachusetts,1720
Mrs.,Odelia236,Rodriguez71,7abcf886-1e35-4d51-8194-ac3a60151a3c,S99950218,999-16-1417,X15834921X,F,1969/1/5,2008/1/8,M,white,irish,,Legros616,Newton Massachusetts US,662 Grady Wynd Apt 10,Amesbury Town,Massachusetts,1913
Mr.,John539,Funk324,8d2d7a32-cca3-4160-bca8-1a9a1fda87cb,S99960663,999-54-6217,X45813664X,M,1971/11/30,,M,asian,chinese,,,Macau Macao Special Administrative Region of the People's Republic of China CN,881 Ferry Bypass,Rockland,Massachusetts,2370
Mr.,Brad867,Anderson154,3f620118-1054-412a-8feb-1b10f01fa61c,S99960152,999-77-5967,X25830373X,M,1979/3/31,,M,white,irish,,,Williamstown Massachusetts US,504 Yundt Meadow Suite 79,Cambridge,Massachusetts,2138
Mrs.,Marilu588,Domínquez36,30040a13-4e26-419e-acd2-0164a3e02a18,S99944836,999-26-3372,X41240732X,F,1969/12/30,,M,black,west_indian,,Cardona494,Santo Domingo National District DO,771 O'Conner Common,Holyoke,Massachusetts,1040
Mrs.,Leighann368,Murray856,e8f86eb9-d5d8-4836-8467-3df2f4ef1b95,S99964020,999-29-5418,X38938973X,F,1988/5/7,,M,white,italian,,Krajcik437,Waltham Massachusetts US,807 Howell Run,Abington,Massachusetts,2351
Mrs.,Beula159,Bernier607,bf086ba1-188c-48fd-b81a-74ae29b49ffe,S99933079,999-53-2793,X29376428X,F,1987/4/21,,M,white,irish,,Wilkinson796,Natick Massachusetts US,472 Schaefer Center Apt 46,Buckland,Massachusetts,1338
,Petra678,Pagac496,0ad78bf2-dd8e-4dd1-804c-6527c394b2ae,,999-98-8145,,F,2014/12/22,,,white,italian,,,Northampton Massachusetts US,578 Mills Plaza,Sudbury,Massachusetts,1776
Mrs.,Skye332,Orn563,ef8b7243-1eee-4bd2-a07c-888127e26175,S99931423,999-45-9405,X33206125X,F,1969/1/5,,M,white,irish,,Nader710,Rockland Massachusetts US,112 Huel Trafficway,Amesbury Town,Massachusetts,1913
Mr.,Toney527,Kemmer137,ce4cf349-7435-44c5-b7b5-35f232ef5d12,S99949646,999-68-4214,X7005364X,M,1956/5/19,,M,white,swedish,,,Rockland Massachusetts US,1051 Bayer Common,Amesbury Town,Massachusetts,1913
Mrs.,Claudie965,Luettgen772,bbf15b32-fe80-4364-a076-ed386a806e78,S99946387,999-46-4575,X10464819X,F,1978/1/23,,M,black,west_indian,,Gulgowski816,Bridgewater Massachusetts US,615 Jacobson Station,Salisbury,Massachusetts,1952
Ms.,Danyelle408,Bahringer146,55ed2d76-7d9f-4958-9746-209337a6d6a8,S99911468,999-12-4419,X30298855X,F,1996/2/23,,,white,irish,,,Braintree Town Massachusetts US,244 Rice Lodge Suite 77,Boston,Massachusetts,2108
,Alvin56,Bartoletti50,87a78a01-9b41-4cf5-ad87-92c1634f6c48,S99972216,999-48-9667,,M,2002/1/21,,,white,irish,,,Acushnet Massachusetts US,422 Hauck Crossing Suite 91,Amesbury Town,Massachusetts,1913
Mrs.,Kelley882,Reynolds644,7092bed3-17a5-43b6-b3d3-f2d29a784fcb,S99944826,999-68-4144,X38634668X,F,1918/12/3,2005/2/16,M,white,polish,,Leannon79,Lynn Massachusetts US,778 Hammes Rue,Barnstable Town,Massachusetts,2601
Mr.,Simon598,Schinner682,402dd8b2-3411-4cba-8e96-e287afa7e1c9,S99956886,999-43-2877,X60609189X,M,1964/10/17,,M,asian,chinese,,,Beijing Beijing Municipality CN,1001 Veum Divide Unit 66,Pepperell,Massachusetts,1463
Ms.,Audie868,Murray856,9a89bf3d-8e6c-42ec-82d8-d4aaff10e254,S99947502,999-69-9854,X71777400X,F,1985/10/25,,S,asian,chinese,,,Shanghai Shanghai Municipality CN,105 Thiel Promenade,Burlington,Massachusetts,1803
Mrs.,Lewis216,Deckow585,4298ae41-3da7-436c-a736-c7635f7bb994,S99943451,999-40-3447,X81782807X,F,1956/10/19,,M,white,irish,,Larkin917,Boston Massachusetts US,911 Bergstrom Trafficway Unit 57,Lawrence,Massachusetts,1840
Ms.,Sharyl439,Pollich983,2847c8f5-89a9-4965-8c8b-86b96624392b,S99947285,999-90-2593,X31836309X,F,1998/10/5,,,white,french,,,New Bedford Massachusetts US,472 Reilly Road Apt 87,Cambridge,Massachusetts,2138
Mrs.,Cristi782,Bayer639,46d8446b-b4ec-4363-a5c7-90093a71fd89,S99950068,999-72-6148,X63054892X,F,1985/4/29,,M,white,french,,Strosin214,Conway Massachusetts US,473 Waters Lodge Suite 13,Attleboro,Massachusetts,2703
Mrs.,Lavona767,Yundt842,47c75106-0e55-44c0-8808-3e37d4debd50,S99927074,999-62-5027,X89102351X,F,1951/2/10,,M,white,french,,Smith67,Lynn Massachusetts US,526 Lockman Crossroad Unit 80,Medway,Massachusetts,2053
Mr.,Vicente970,Wiza601,4a29aa0c-75a1-4083-be05-255a7b34a962,S99998532,999-34-7498,X2023370X,M,1954/4/8,,S,black,west_indian,,,Port-au-Prince Haiti HT,766 Collier Quay Unit 29,North Attleborough,Massachusetts,2359
Mrs.,Jesenia223,Nitzsche158,8e3256d4-77ff-4c75-ae12-1c3542e0f249,S99949776,999-30-3563,X51035942X,F,1949/11/17,,M,white,irish,,Runolfsson901,Boston Massachusetts US,137 Feeney Run,Holden,Massachusetts,1520
,Isaac321,Hayes766,e5313cff-a9f9-42f9-8045-fe520cf9ada4,,999-64-8578,,M,2008/1/2,,,white,polish,,,Boston Massachusetts US,573 Sawayn Dam,Ludlow,Massachusetts,1056
Ms.,Robbi844,Swaniawski813,3d287899-4841-4637-b80d-44bb492ea2ce,S99912864,999-32-1656,X1477507X,F,1977/4/5,,S,white,german,,,Middleborough Massachusetts US,292 Abernathy Lodge Suite 97,Sandwich,Massachusetts,2563
Mrs.,Hwa978,Krajcik437,78fb6d4c-cdad-423d-85ef-085b8cb61bd2,S99941545,999-71-8040,X12953996X,F,1918/12/3,1996/2/24,M,white,polish,,Kassulke119,Lee Massachusetts US,1045 Terry Bypass Apt 17,Barnstable Town,Massachusetts,2601
Ms.,Kristal814,Herzog843,ca3c0efa-a343-4dc1-8292-389aed442b0f,S99930692,999-84-5961,X27899054X,F,1995/1/21,,,white,german,,,Stockbridge Massachusetts US,355 Sawayn Meadow,Springfield,Massachusetts,1013
,Syreeta495,Marquardt819,92cf0b13-bb94-427d-89cf-591edb799e75,,999-59-8531,,F,2003/6/12,,,white,french,,,Marshfield Massachusetts US,299 Emmerich Crossing Apt 28,Attleboro,Massachusetts,2703
Mrs.,Julia241,Rowe323,6a9f3ee0-3769-41f7-a19c-f7eaf7ce1ef6,S99976063,999-29-1642,X62193857X,F,1944/7/23,,M,white,italian,,Reichert620,Belmont Massachusetts US,374 Brown Club,Walpole,Massachusetts,2081
,Myong12,Fadel536,66cb20f7-7e7f-4849-9d42-bd419474d866,,999-66-5370,,F,2007/1/18,,,white,american,,,Lynnfield Massachusetts US,350 Greenfelder Hollow,Randolph,Massachusetts,2368
Mr.,Dustin31,Lowe577,47b0f941-5703-45b2-ba6f-25fbe1f29ddf,S99920317,999-12-6458,X18076551X,M,1984/3/6,,M,white,irish,,,Waltham Massachusetts US,909 Abshire Grove,Springfield,Massachusetts,1013
Mr.,Jason347,Schneider199,c3b97ecc-7027-4ac6-88b2-b905ac577ce0,S99929161,999-78-8255,X34180110X,M,1986/3/23,,S,white,italian,,,Lawrence Massachusetts US,621 Kub Glen Suite 42,Boston,Massachusetts,2108
Mrs.,Carolina179,Ureña88,48bce518-9b09-4992-bdca-ae42fd21e5d6,S99979524,999-98-4587,X14722300X,F,1973/11/13,,M,hispanic,puerto_rican,,Amador986,Ponce Puerto Rico PR,311 Stark Light,Medford,Massachusetts,2145
,Ramón841,Padrón382,c2e667ce-286c-4cda-a039-aca9db747b28,,999-32-6187,,M,2015/4/8,,,hispanic,south_american,,,Rio de Janerio Rio de Janerio BR,451 Mayer Stravenue,Georgetown,Massachusetts,1833
Mr.,Theron432,Feil794,9786927d-e893-4626-93f5-6ce5d02b75e7,S99944402,999-17-4680,X69567081X,M,1965/3/4,,M,white,irish,,,Lowell Massachusetts US,1075 Quigley Meadow,Ludlow,Massachusetts,1056
Mr.,Christopher407,Kassulke119,32d5c083-f7d5-417c-a782-bfe51ef3ea6e,S99959510,999-78-2228,X44511172X,M,1987/5/24,,S,white,portuguese,,,Norwood Massachusetts US,933 Lueilwitz Course Suite 67,Quincy,Massachusetts,2169
Mrs.,Wei843,Hahn503,bf36fe45-c80f-492f-a07e-17d5bf2ffe7d,S99943742,999-35-2316,X75755740X,F,1989/1/5,,M,hispanic,puerto_rican,,Legros616,Rockland Massachusetts US,1030 Altenwerth Crossroad Apt 86,West Springfield Town,Massachusetts,1089
Mr.,Trenton748,Roob72,156effeb-af23-4148-b0f0-2d951ad19781,S99994917,999-46-1654,X7543016X,M,1945/12/7,,M,white,irish,,,New Bedford Massachusetts US,695 Skiles Well,Beverly,Massachusetts,1915
Mrs.,Estrella224,Kemmer137,7065359e-eaf7-4f3b-a9e7-c7062b47d6cb,S99933125,999-41-4343,X34962661X,F,1967/10/11,,M,white,irish,,Erdman779,Walpole Massachusetts US,490 Baumbach Row,Newton,Massachusetts,2458
Ms.,Perry780,Gibson10,298564cb-5bde-4268-902c-1fe92d6fd7a6,S99917263,999-40-3710,,F,1999/3/31,,,white,italian,,,Brookline Massachusetts US,388 Eichmann Trail,Swampscott,Massachusetts,1907
Mrs.,Keshia89,Brekke496,c7dd2aaf-476c-4ba1-bad9-46cb7fb4895c,S99992260,999-59-6003,X25025655X,F,1944/9/13,,M,white,russian,,Aufderhar910,Somerville Massachusetts US,707 Koss Plaza,Lowell,Massachusetts,1850
,Kena893,Feeney44,7ebc4f78-8c61-4f36-a399-05bf933c2630,,999-63-2788,,F,2007/9/18,,,white,portuguese,,,Faro Algarve PT,1001 Witting Pathway Unit 56,Stoneham,Massachusetts,2180
,Richie600,Reichel38,7102114c-76be-4074-80cc-1cc8dc9af968,,999-46-3625,,M,2013/7/21,,,white,swedish,,,Shirley Massachusetts US,438 Champlin Green,Somerset,Massachusetts,2725
Mr.,Michel472,Leannon79,cf199037-1449-4a31-aae3-a6c390c1f4a1,S99941597,999-60-2777,X6340638X,M,1976/7/1,,M,white,irish,,,Milton Massachusetts US,692 Walsh Avenue Apt 37,Hopedale,Massachusetts,1747
Mrs.,Analisa263,Rau926,6ea9adf0-8f4d-44ce-8ce0-3658078f0dbf,S99941247,999-58-6470,X89067614X,F,1918/12/3,,M,white,polish,,Stoltenberg489,Wareham Massachusetts US,190 Shields Annex Unit 72,Barnstable Town,Massachusetts,2601
Ms.,Elaine830,Kuphal363,0cc376be-048f-49bb-af58-2e4f272f4a07,S99929777,999-11-6240,X84445946X,F,1995/1/14,,,white,italian,,,Westfield Massachusetts US,297 Hermiston Gardens,Winthrop Town,Massachusetts,2128
Mrs.,Sammy219,Harber290,41362f93-5e34-44c8-a9c5-5c1ac538b999,S99982262,999-59-7395,X20437257X,F,1965/4/14,,M,white,italian,,Douglas31,Andover Massachusetts US,818 Greenfelder Highlands Suite 83,Arlington,Massachusetts,2474
,Jody426,Wehner319,eed41654-93fc-47c4-a42e-47d4cfd4a118,,999-35-3497,,M,2008/4/29,,,white,italian,,,Newton Massachusetts US,415 Nikolaus Corner,Salisbury,Massachusetts,1952
Mrs.,Alayna598,Buckridge80,556052da-ad6b-4c39-bb0c-001e78126393,S99949438,999-58-4458,X72036626X,F,1948/12/11,,M,white,italian,,Bashirian201,Framingham Massachusetts US,691 Mayer Viaduct Suite 28,Provincetown,Massachusetts,2657
Ms.,Lani848,O'Connell601,f8dc935e-a476-47c8-b4b3-2a6fa97d3d95,S99922498,999-15-2289,X64360639X,F,1997/5/24,,,white,scottish,,,Milton Massachusetts US,859 Lakin Avenue Apt 81,Boston,Massachusetts,2108
Mr.,Paul232,Hyatt152,deb75f2a-051f-4cae-81cb-a2592e41dd86,S99979442,999-54-6754,X48036948X,M,1967/6/11,,M,white,italian,,,Dartmouth Massachusetts US,694 Kub Vale,Boston,Massachusetts,2108
Mr.,Eldon28,Fahey393,33df4b24-4066-4e44-af95-3127d7cc3cfe,S99919126,999-80-8524,X30416537X,M,1973/10/28,,S,white,irish,,,Brookline Massachusetts US,334 Brown Bay Apt 55,Dedham,Massachusetts,2026
,Stephan15,Terry864,f76c12ed-d934-424d-9941-3d98b6423230,,999-26-4559,,M,2004/5/23,,,white,french,,,Sudbury Massachusetts US,124 Trantow Trafficway Suite 66,Somerset,Massachusetts,2725
Mr.,Nathanial472,Kirlin939,47e5999b-76dc-45f2-8391-7bede50c26ab,S99970230,999-36-6436,X6845130X,M,1995/11/18,,,white,italian,,,Townsend Massachusetts US,439 Raynor Meadow Suite 86,Attleboro,Massachusetts,2703
Mrs.,Trisha327,Hagenes547,6d8367dd-e546-4c2e-97b4-2ea82184232a,S99953932,999-44-7915,X76978787X,F,1951/9/18,,M,white,english,,Graham902,Mansfield Massachusetts US,847 Ritchie Alley,Amherst,Massachusetts,1002
Mr.,Julian715,Hansen121,02a45eb4-a3f3-4157-ab5c-d0621f2b7073,S99998714,999-93-7528,X71645893X,M,1961/4/7,,M,white,english,,,Lynn Massachusetts US,396 Kerluke Approach Unit 97,Falmouth,Massachusetts,2540
Mrs.,Jeanna557,Streich926,2f9effee-365c-4bac-b79d-6632b3b2aee3,S99932834,999-72-5345,X1823858X,F,1942/5/5,,M,white,italian,,King743,Orange Massachusetts US,466 Armstrong Wall Suite 38,Westwood,Massachusetts,2090
Mr.,Douglas31,Turcotte120,dba64242-e165-4ad3-8816-5ccef767b3e0,S99939711,999-17-7819,X20869154X,M,1942/7/8,,S,white,english,,,Milton Massachusetts US,162 Blick Approach Unit 94,Boston,Massachusetts,2108
Ms.,Monserrate4,Brakus656,b676480c-4440-4239-bd6f-20f867d766e2,S99982366,999-15-1680,X73261343X,F,1979/8/28,,S,asian,chinese,,,Bridgewater Massachusetts US,324 O'Keefe View Unit 83,Medford,Massachusetts,2145
Mrs.,Carmen818,Prieto999,12970fef-a879-42e0-8b95-a988852664da,S99933217,999-55-4156,X61010577X,F,1971/12/17,,M,hispanic,puerto_rican,,Quezada963,Bayamon Puerto Rico PR,814 Collins Divide,North Andover,Massachusetts,1845
Mr.,Mac103,Keebler762,dffef9ff-166f-42b9-a5f0-dc908f7f9c51,S99994431,999-95-1794,X17328597X,M,1962/2/18,,M,white,polish,,,Upton Massachusetts US,1089 Kilback Highlands,Quincy,Massachusetts,2169
Mr.,Shane235,Kuhic920,19b66c49-1d18-4c06-a65b-e0e24e8244ef,S99979245,999-24-7044,X43394142X,M,1966/8/3,,M,white,italian,,,Boston Massachusetts US,206 McGlynn Green,Northborough,Massachusetts,1532
Mrs.,Marta91,Hintz995,3c40f3d2-3f5a-44ae-888e-7533bbea38b8,S99978776,999-10-5377,X69066115X,F,1974/3/1,,M,white,polish,,Renner328,Abington Massachusetts US,275 Kuhlman Gardens,Essex,Massachusetts,1929
Mr.,Lowell343,Gerlach374,df28f253-6b67-403d-a98a-e10c9ea821e0,S99985672,999-60-7452,X64065230X,M,1998/5/14,,,white,french,,,Dennis Massachusetts US,399 Zulauf Viaduct Unit 7,East Longmeadow,Massachusetts,1028
Mr.,Eduardo902,Ybarra887,808a2404-9b1f-4632-932e-b5214ba0bc10,S99940660,999-47-1637,X43903211X,M,1945/5/27,,M,hispanic,puerto_rican,,,Bayamon Puerto Rico PR,692 Champlin Landing Apt 76,Boston,Massachusetts,2108
Ms.,Reynalda736,Nolan344,889d8269-e1ae-4373-ad10-9021395b8ad1,S99915050,999-58-6221,X53964005X,F,1997/10/1,,,white,italian,,,Sudbury Massachusetts US,299 Hintz Highlands Suite 72,Holyoke,Massachusetts,1040
,Val761,Halvorson124,e4954420-d873-4d11-9337-7edba229edcd,,999-24-7131,,M,2006/7/18,,,white,english,,,Cambridge Massachusetts US,891 Grimes Key Suite 52,Chelsea,Massachusetts,2149
Mrs.,Isabel214,Casillas702,d72cd8ce-f608-4b79-9bf5-56ed27fc57d6,S99998322,999-13-8729,X36385634X,F,1964/11/19,,M,hispanic,puerto_rican,,Galindo802,Carolina Puerto Rico PR,587 Wunsch Estate,Cohasset,Massachusetts,2025
,Milton509,Block661,9a9e43d6-8269-402d-a33f-35fbca0548ef,,999-58-6347,,M,2016/12/15,,,white,italian,,,Shrewsbury Massachusetts US,503 Hane Arcade Suite 23,Boston,Massachusetts,2108
Mr.,Sol312,Waelchi213,1d55ff96-90dd-45ad-ae35-a02458612ccc,S99987561,999-71-6062,X32169263X,M,1981/8/23,,M,white,german,,,Williamstown Massachusetts US,894 Denesik Trace,Peabody,Massachusetts,1940
Mrs.,Windy313,Thiel172,8f3c4c12-b0c1-4a4d-9a3f-65dde336db30,S99963159,999-43-2398,X52504865X,F,1942/3/11,,M,white,german,,Schuster709,Springfield Massachusetts US,1057 Gutmann Trailer Apt 55,East Longmeadow,Massachusetts,1028
Ms.,Lorenza655,Volkman526,04d8f626-a354-4fa0-b4c9-606881772c88,S99946293,999-40-7037,X26509695X,F,1959/9/29,,S,white,irish,,,Boston Massachusetts US,600 Dietrich Rue,Tewksbury,Massachusetts,1876
Mrs.,Shalon513,Pagac496,ac39bf6f-dd56-4fd3-be11-d001337d548f,S99930194,999-70-1775,X84260231X,F,1965/12/3,,M,white,italian,,Bernhard322,Quincy Massachusetts US,1051 Thompson Crossroad Apt 30,Cambridge,Massachusetts,2138
Mrs.,Kisha966,Sawayn19,212c4305-a362-4f37-9ac4-c1507ce0f594,S99996644,999-51-2821,X62645117X,F,1968/10/11,,M,white,english,,Boehm581,Milford Massachusetts US,966 Jerde Burg,Tewksbury,Massachusetts,1876
Mrs.,Sonia106,Barrios478,bc8a6fa7-9a73-4344-a8f1-7e15ea749086,S99978665,999-94-4147,X57013620X,F,1951/8/18,,M,hispanic,mexican,,Ramírez776,Gaudalajara Jalisco MX,755 Quitzon Way,Charlton,Massachusetts,1507
Mr.,Jospeh459,Lowe577,e582a03a-7865-4872-803d-268c99aec450,S99984610,999-63-4352,X28967747X,M,1982/12/25,,M,white,italian,,,Westfield Massachusetts US,823 Wyman Mission,Framingham,Massachusetts,1701
Mrs.,Lidia103,Hyatt152,68740cab-c778-43cc-807e-9217f93786d9,S99912306,999-92-5508,X8545823X,F,1970/6/28,,M,white,italian,,Champlin946,Boston Massachusetts US,678 Marks Terrace Apt 42,Boston,Massachusetts,2108
Mrs.,Alyse240,Kihn564,61e4f461-664b-499f-9ef4-e66861d84e60,S99939739,999-70-4375,X50772432X,F,1968/4/14,,M,white,french,,West559,Lawrence Massachusetts US,643 Gibson Lock Apt 40,Chicopee,Massachusetts,1013
Mr.,Donnie175,Gulgowski816,2f341ac1-1a68-47c5-8d92-8afdeac26261,S99948166,999-61-5532,X73658817X,M,1980/1/5,,M,white,french,,,Webster Massachusetts US,177 Streich Manor,Northborough,Massachusetts,1532
Mrs.,Xiomara943,Rogahn59,849502ca-987a-48c7-b1d5-01eab8ff39d7,S99998459,999-88-4843,X46871506X,F,1957/6/10,,M,white,irish,,Schinner682,Chelsea Massachusetts US,808 Haley Fork,Northbridge,Massachusetts,1534
Mrs.,Ruby458,Gleason633,07bae713-4c3f-40ee-be2c-8ba0cef838c5,S99967767,999-97-5821,X39107879X,F,1952/8/21,,M,white,german,,Jacobson885,Boston Massachusetts US,393 Kling Tunnel Suite 55,Attleboro,Massachusetts,2703
,Kennith515,Kemmer137,6277157b-f3ff-4cde-8b73-b70a6b694843,,999-35-3367,,M,2003/6/2,,,white,irish,,,Webster Massachusetts US,606 Hodkiewicz Light,Chicopee,Massachusetts,1013
Mr.,Burl285,Tremblay80,d303a995-efd2-4c22-9ced-ec2a7c906862,S99987017,999-27-1623,X53808858X,M,1987/10/1,,M,white,irish,,,Chicopee Massachusetts US,1080 Lowe Green,Somerville,Massachusetts,2138
Ms.,Sherlyn657,Parisian75,701de8f3-6207-4ef7-b2c1-01afe1e0a63c,S99955257,999-88-7952,X38909124X,F,1993/1/25,,,white,irish,,,Gill Massachusetts US,1041 Bradtke Overpass Suite 65,Williamstown,Massachusetts,1267
,Eilene124,Marquardt819,333897a2-1fb1-43e2-8401-36c96e35c76d,,999-10-6297,,F,2004/12/11,,,asian,asian_indian,,,Easton Massachusetts US,399 Langosh Tunnel,Chelmsford,Massachusetts,1824
Mr.,Horacio317,Wiza601,be861ed0-39b3-4cd7-8b75-c56a62894868,S99998480,999-41-2085,X44238962X,M,1946/3/7,,M,white,irish,,,Granville Massachusetts US,205 Rutherford Hollow,Medfield,Massachusetts,2052
,Kenneth671,Donnelly343,168af060-3b88-40f9-bdda-1bb34d9a30bd,,999-21-1315,,M,2010/5/9,,,white,french_canadian,,,Lunenburg Massachusetts US,913 Wiza Ranch Suite 76,Lunenburg,Massachusetts,1462
Mr.,Jody426,Graham902,5f522efa-c1a4-415a-8215-a35e9f5a2d1d,S99991406,999-69-8293,X62366528X,M,1965/3/15,,M,hispanic,mexican,,,Medford Massachusetts US,509 Prohaska Road Suite 37,Andover,Massachusetts,1810
Mr.,Trey250,Gottlieb798,d734285e-772d-4cc6-840d-2e9454d43579,S99981205,999-43-3582,X89842768X,M,1951/12/25,2005/1/11,M,white,italian,,,Winchendon Massachusetts US,660 Conn Loaf Unit 89,Fall River,Massachusetts,2720
Mr.,Enrique929,Legros616,ca7e30f4-b186-4320-b8d7-6a99d44a5817,S99943776,999-29-3088,X20402365X,M,1989/12/29,,M,hispanic,puerto_rican,,,Ludlow Massachusetts US,389 Huel Avenue,Westfield,Massachusetts,1085
Ms.,Concepción765,Vigil207,d3871315-7fd5-489f-9645-15e61cd46697,S99941471,999-34-3869,X83788975X,F,1997/5/6,,,hispanic,puerto_rican,,,Caguas Puerto Rico PR,334 Nicolas Heights,Boston,Massachusetts,2108
Mrs.,Tori754,VonRueden376,fc7a984e-01f6-43cf-aa40-e2848c1d2754,S99947730,999-47-8155,X68925865X,F,1952/4/7,,M,white,german,,Kirlin939,Spencer Massachusetts US,447 Stokes Grove,Norton,Massachusetts,2766
Mr.,Judson999,Daugherty69,cd94ec8b-a0cf-4be7-846a-b9cf205e4f24,S99915382,999-91-9017,X83783573X,M,1984/11/23,,M,white,german,,,Westwood Massachusetts US,871 Ebert Skyway,Littleton,Massachusetts,1460
Mr.,Burl285,Upton904,05222a87-3106-4e6e-979b-f5732c2c962e,S99993393,999-48-1314,X83295801X,M,1963/10/26,2007/7/7,M,white,italian,,,Springfield Massachusetts US,721 Huel Way Unit 12,Falmouth,Massachusetts,2540
Mr.,Dee580,White193,aa25cd5c-92f9-48ee-b563-7de02c404c13,S99955132,999-44-9830,X78970555X,M,1954/1/18,,M,white,russian,,,Boston Massachusetts US,916 Jones Village Unit 55,Boston,Massachusetts,2108
Mr.,Jorge203,Amador986,b4e9cc9a-6057-46ca-a647-c217ebbca6ee,S99920712,999-80-5129,X3444681X,M,1964/1/22,,M,hispanic,puerto_rican,,,Caguas Puerto Rico PR,838 Borer Road Suite 59,Boston,Massachusetts,2108
Mr.,William805,Runte676,02e04306-6dc6-4a93-85bd-40a18eb15d28,S99998950,999-75-7299,X75896505X,M,1963/10/26,,S,white,italian,,,Fitchburg Massachusetts US,181 Hessel Bridge,Falmouth,Massachusetts,2540
Mr.,Toby274,Buckridge80,17e1a347-8e15-4f6c-bf9c-7d7b717cfc73,S99957491,999-86-1581,X31027011X,M,1951/12/25,,S,white,italian,,,North Reading Massachusetts US,438 O'Reilly Lock Unit 83,Fall River,Massachusetts,2720